{
    "type": "minecraft:crafting_shaped",
    "pattern": [
        "_",
        "O"
    ],
    "key": {
        "_": {
            "item": "minecraft:chest"
        },
        "O": {
            "item": "minecraft:emerald"
        }
    },
    "result": {
        "id": "minecraft:player_head",
        "count": 1,
        "components": {
            "minecraft:profile": {
                "id": [
                  1431137794,275073127,-2022788867,-1955600531
                ],
                "properties": [
                    {
                        "name": "textures",
                        "value": "eyJ0ZXh0dXJlcyI6eyJTS0lOIjp7InVybCI6Imh0dHA6Ly90ZXh0dXJlcy5taW5lY3JhZnQubmV0L3RleHR1cmUvZWRjMzZjOWNiNTBhNTI3YWE1NTYwN2EwZGY3MTg1YWQyMGFhYmFhOTAzZThkOWFiZmM3ODI2MDcwNTU0MGRlZiJ9fX0="
                    }
                ]
            },
            "item_name": "{\"text\":\"Shopcase\",\"color\":\"yellow\",\"bold\":false,\"italic\":false}",
            "minecraft:custom_data": {"shopcase":1}
    }
}
}